{"Fitness": {"perc_fit_traces": 100.0, "average_trace_fitness": 1.0, "log_fitness": 1.0, "percentage_of_fitting_traces": 100.0}, "Precision": 0.829059829059829, "Generalization": 0.5259294594558881, "Simplicity": 0.6521739130434783}