{"Fitness": {"perc_fit_traces": 31.28205128205128, "average_trace_fitness": 0.5096654821765344, "log_fitness": 0.06760270410816438, "percentage_of_fitting_traces": 31.28205128205128}, "Precision": 0.6400437636761488, "Generalization": 0.7760369321864165, "Simplicity": 0.7142857142857143}