{"Generalization": 0.7965273711015206, "Fitness": {"perc_fit_traces": 100.0, "average_trace_fitness": 1.0, "log_fitness": 1.0, "percentage_of_fitting_traces": 100.0}, "Precision": 0.5846994535519126, "Simplicity": 0.7142857142857143}